{
    "ipcMode": null,
    "executionRoleArn": "arn:aws:iam::227378293791:role/ecsTaskExecutionRole",
    "containerDefinitions": [
        {
            "dnsSearchDomains": null,
            "environmentFiles": null,
            "logConfiguration": {
                "logDriver": "awslogs",
                "secretOptions": null,
                "options": {
                    "awslogs-group": "/ecs/cbc-token",
                    "awslogs-region": "us-east-2",
                    "awslogs-stream-prefix": "ecs"
                }
            },
            "entryPoint": null,
            "portMappings": [
                {
                    "hostPort": 80,
                    "protocol": "tcp",
                    "containerPort": 80
                }
            ],
            "command": null,
            "linuxParameters": null,
            "cpu": 0,
            "environment": [],
            "resourceRequirements": null,
            "ulimits": null,
            "dnsServers": null,
            "mountPoints": [],
            "workingDirectory": null,
            "secrets": null,
            "dockerSecurityOptions": null,
            "memory": null,
            "memoryReservation": null,
            "volumesFrom": [],
            "stopTimeout": null,
            "image": "public.ecr.aws/q6b4l5i4/cbc-token",
            "startTimeout": null,
            "firelensConfiguration": null,
            "dependsOn": null,
            "disableNetworking": null,
            "interactive": null,
            "healthCheck": null,
            "essential": true,
            "links": null,
            "hostname": null,
            "extraHosts": null,
            "pseudoTerminal": null,
            "user": null,
            "readonlyRootFilesystem": null,
            "dockerLabels": null,
            "systemControls": null,
            "privileged": null,
            "name": "cbc-token"
        }
    ],
    "placementConstraints": [],
    "memory": "512",
    "taskRoleArn": "arn:aws:iam::227378293791:role/ecsTaskExecutionRole",
    "compatibilities": [
        "EC2",
        "FARGATE"
    ],
    "taskDefinitionArn": "arn:aws:ecs:us-east-2:227378293791:task-definition/cbc-token:2",
    "family": "cbc-token",
    "requiresAttributes": [
        {
            "targetId": null,
            "targetType": null,
            "value": null,
            "name": "com.amazonaws.ecs.capability.logging-driver.awslogs"
        },
        {
            "targetId": null,
            "targetType": null,
            "value": null,
            "name": "ecs.capability.execution-role-awslogs"
        },
        {
            "targetId": null,
            "targetType": null,
            "value": null,
            "name": "com.amazonaws.ecs.capability.docker-remote-api.1.19"
        },
        {
            "targetId": null,
            "targetType": null,
            "value": null,
            "name": "com.amazonaws.ecs.capability.task-iam-role"
        },
        {
            "targetId": null,
            "targetType": null,
            "value": null,
            "name": "com.amazonaws.ecs.capability.docker-remote-api.1.18"
        },
        {
            "targetId": null,
            "targetType": null,
            "value": null,
            "name": "ecs.capability.task-eni"
        }
    ],
    "pidMode": null,
    "requiresCompatibilities": [
        "FARGATE"
    ],
    "networkMode": "awsvpc",
    "runtimePlatform": {
        "operatingSystemFamily": "LINUX",
        "cpuArchitecture": null
    },
    "cpu": "256",
    "revision": 2,
    "status": "ACTIVE",
    "inferenceAccelerators": null,
    "proxyConfiguration": null,
    "volumes": []
}